<?xml version="1.0" encoding="UTF-8"?>
<!DOCTYPE hibernate-configuration PUBLIC "-//Hibernate/Hibernate Configuration DTD 3.0//EN" "http://hibernate.sourceforge.net/hibernate-configuration-3.0.dtd">
<hibernate-configuration>
  <session-factory>
    <property name="hibernate.dialect">org.hibernate.dialect.HSQLDialect</property>
		<property name="hibernate.connection.url">jdbc:mysql://localhost:3306/dbhypermachine</property>
		<property name="hibernate.connection.driver_class">org.hsqldb.jdbcDriver</property>
		<property name="hibernate.connection.username">root</property>
		<property name="hibernate.connection.password">1536</property>

		<property name="hibernate.show_sql">false</property>
		<property name="hibernate.hbm2ddl.auto">update</property>
		<property name="hibernate.cache.provider_class">org.hibernate.cache.HashtableCacheProvider</property>

    
    <property name="hibernate.show_sql">true</property>
    <property name="hibernate.format_sql">true</property>
    <property name="hibernate.hbm2ddl.auto">update</property>
		
		<!-- entidades -->
		
		<mapping class="br.com.modelo.Administrador" />
		<mapping class="br.com.modelo.UserTwitter" />
		<mapping class="br.com.modelo.Video" />
		<mapping class="br.com.modelo.Tweets" />
		
	</session-factory>
	
</hibernate-configuration>